{
    "Version": "2012-10-17",
    "Statement": [
        {
            "Sid": "VisualEditor0",
            "Effect": "Allow",
            "Action": [
                "dynamodb:CreateTable",
                "s3:PutObject",
                "s3:GetObject",
                "dynamodb:PutItem",
                "dynamodb:UpdateItem",
                "dynamodb:UpdateTable",
                "logs:CreateLogDelivery",
                "logs:PutMetricFilter",
                "logs:CreateLogStream",
                "logs:GetLogRecord",
                "logs:DeleteLogGroup",
                "logs:GetLogEvents",
                "logs:FilterLogEvents",
                "logs:GetLogGroupFields",
                "logs:CreateLogGroup",
                "logs:DeleteLogStream",
                "logs:GetLogDelivery",
                "logs:PutLogEvents"
            ],
            "Resource": "*"
        }
    ]
   }